Floor(number);Mass(ton);Mode(unitless)
2;364.39;0.000043451
1;112.57;0.000026073
